1	0,333333
2	1,55556
3	1,55556
4	1,66667
5	1,66667
6	1,66667
7	1,77778
8	1,77778
9	2,11111
10	2,22222
11	2,33333
12	2,33333
13	2,44444
14	2,44444
15	2,44444
16	2,44444
17	2,44444
18	2,66667
19	2,88889
20	2,88889
21	3,44444
22	3,66667
23	3,66667
24	3,66667
25	3,66667
26	3,77778
27	4,33333
28	4,55556
29	4,55556
30	4,88889
31	5,55556
32	5,66667
33	5,66667
34	5,66667
35	5,66667
36	5,77778
37	6,44444
38	6,66667
39	6,77778
40	6,77778
41	6,77778
42	6,88889
43	7
44	7,33333
45	7,33333
46	7,55556
47	7,66667
48	7,88889
49	8,11111
50	8,33333
51	8,33333
52	8,33333
53	8,33333
54	8,44444
55	8,44444
56	8,44444
57	8,55556
58	8,55556
59	8,55556
60	8,55556
61	8,44444
62	8,11111
63	8,11111
64	8,55556
65	8,44444
66	8,44444
67	8,44444
68	8,44444
69	8,44444
70	8,44444
71	8,44444
72	8,33333
73	8,33333
74	8,33333
75	8,33333
76	8,33333
77	8,33333
78	8,33333
79	8,33333
80	8,33333
81	8,33333
82	8,22222
83	8,22222
84	7,88889
85	7,88889
86	7,88889
87	7,88889
88	7,88889
89	7,88889
90	7,77778
91	7,77778
92	7,88889
93	7,88889
94	7,88889
95	8,11111
96	8,11111
97	8,11111
98	8
99	8
100	8
101	8
102	8
103	8
104	8
105	8
106	8,11111
107	7,88889
108	7,88889
109	7,88889
110	7,88889
111	8,22222
112	8,22222
113	8,22222
114	8,22222
115	8
116	8
117	8
118	8
119	7,77778
120	7,77778
121	7,66667
122	7,55556
123	7
124	7
125	7
126	7
127	7
128	6,88889
129	6,88889
130	6,88889
131	6,44444
132	6,33333
133	6
134	5,88889
135	5,88889
136	5,88889
137	5,88889
138	5,88889
139	5,55556
140	5,55556
141	5,44444
142	5,44444
143	5,44444
144	5,44444
145	5,33333
146	5,11111
147	5
148	5,22222
149	5,22222
150	4,77778
151	4,77778
152	4,77778
153	4,77778
154	4,33333
155	4,22222
156	4,11111
157	4,11111
158	4
159	4
160	3,77778
161	3,66667
162	3,66667
163	3,33333
164	3,33333
165	3,11111
166	3,11111
167	3,22222
168	2,88889
169	2,77778
170	3
171	2,88889
172	3
173	1,77778
174	3,11111
175	3,11111
176	3
177	3
178	2,88889
179	2,77778
180	2,66667
181	2,33333
182	2,11111
183	2,11111
184	2,33333
185	2,55556
186	2,66667
187	2,88889
188	2,88889
189	3
190	3
191	3
192	3
193	3
194	3,11111
195	2,77778
196	2,88889
197	3,11111
198	3,22222
199	3,22222
200	3,44444
201	3,44444
202	3,77778
203	3,77778
204	3,88889
205	4,11111
206	4,11111
207	4,22222
208	4,22222
209	4,33333
210	4,44444
211	4,77778
212	4,77778
213	4,77778
214	4,88889
215	5,11111
216	5,11111
217	4
218	4,11111
219	5,55556
220	5,66667
221	5,66667
222	5,77778
223	5,77778
224	5,77778
225	5,77778
226	5,88889
227	5,88889
228	6,22222
229	6,33333
230	6,33333
231	6,44444
232	6,44444
233	6,55556
234	6,88889
235	7
236	7,44444
237	7,44444
238	7,44444
239	7,55556
240	7,55556
241	7,55556
242	7,55556
243	7,66667
244	8,22222
245	8,44444
246	8,55556
247	8,55556
248	8,77778
249	8,88889
250	9
251	9
252	9,22222
253	9,33333
254	9,44444
255	9,44444
256	9,22222
257	9,33333
258	9,44444
259	9,44444
260	9,77778
261	9,77778
262	10
263	10,1111
264	10,1111
265	10,1111
266	10,1111
267	10,2222
268	10,2222
269	10,4444
270	10,5556
271	10,5556
272	10,6667
273	10,7778
274	10,8889
275	10,7778
276	10,7778
277	10,8889
278	11
279	11
280	11
281	11
282	11
283	11,1111
284	11,2222
285	11,5556
286	11,6667
287	11,6667
288	11,7778
289	12
290	12,2222
291	12,2222
292	12,2222
293	12,3333
294	12,4444
295	12,6667
296	12,6667
297	12,7778
298	13
299	13
300	13,2222
301	13,3333
302	13,5556
303	13,1111
304	13,2222
305	14
306	14,2222
307	14,2222
308	14,3333
309	14,7778
310	14,7778
311	15
312	15,8889
313	15,7778
314	15,7778
315	15,7778
316	15,8889
317	15,7778
318	15,7778
319	15,5556
320	15,4444
321	15,2222
322	15,5556
323	15,5556
324	15,6667
325	15,5556
326	15,7778
327	15,7778
328	15,6667
329	15,6667
330	15,3333
331	15,2222
332	15,5556
333	15,7778
334	15,7778
335	15,8889
336	15,5556
337	15,4444
338	15,5556
339	15,5556
340	14,8889
341	14,7778
342	15,1111
343	15,1111
344	15,2222
345	15,1111
346	14,6667
347	14,6667
348	14,4444
349	14,4444
350	14,6667
351	14,7778
352	14,8889
353	15,1111
354	15,2222
355	15,2222
356	15,3333
357	15,3333
358	15
359	15
360	15
361	15,1111
362	15,2222
363	15,1111
364	15,2222
365	15,4444
366	15,5556
367	15,5556
368	15,4444
369	15,5556
370	15,8889
371	15,8889
372	15,2222
373	15,5556
374	15,5556
375	15,5556
376	15,5556
377	15,5556
378	15,8889
379	15,8889
380	15,8889
381	15,8889
382	15,6667
383	15,6667
384	15,6667
385	16,2222
386	16,1111
387	16,2222
388	16
389	16,1111
390	16,3333
391	16,4444
392	16,2222
393	16,2222
394	16,1111
395	16,1111
396	15,5556
397	15,5556
398	15,6667
399	15,6667
400	15,5556
401	15,8889
402	16,1111
403	16,1111
404	16
405	16
406	16,1111
407	16
408	15,8889
409	16
410	15,8889
411	15,8889
412	15,8889
413	15,8889
414	15,6667
415	16,1111
416	16,1111
417	15,8889
418	15,7778
419	15,4444
420	15,4444
421	15,3333
422	15,2222
423	15,1111
424	14,4444
425	14,4444
426	14,1111
427	14,1111
428	14
429	14,1111
430	14
431	13,8889
432	13,8889
433	13,8889
434	13,6667
435	13,3333
436	13
437	12,8889
438	12,7778
439	12,5556
440	12,3333
441	12,4444
442	12,4444
443	12,5556
444	12,4444
445	11,8889
446	11,8889
447	11,7778
448	11,5556
449	11,5556
450	11,5556
451	11,4444
452	11
453	11
454	11
455	10,6667
456	10,5556
457	10,4444
458	10,4444
459	10,2222
460	9,88889
461	9,88889
462	9,44444
463	9,44444
464	9,33333
465	9,22222
466	9,11111
467	8,88889
468	8,88889
469	8,77778
470	8,66667
471	8,66667
472	8,44444
473	8,22222
474	8
475	8,11111
476	8
477	8,11111
478	8,11111
479	8,11111
480	8
481	8
482	7,88889
483	7,88889
484	8
485	7,88889
486	7,66667
487	7,55556
488	7,33333
489	7,11111
490	7,33333
491	7,55556
492	7,44444
493	7,66667
494	7,77778
495	7,77778
496	7,66667
497	7,66667
498	7,88889
499	7,77778
500	7,77778
501	7,33333
502	7,22222
503	7,11111
504	7,33333
505	7,55556
506	7,33333
507	7,44444
508	7,33333
509	7,33333
510	7,22222
511	7,33333
512	7,33333
513	7,55556
514	7,55556
515	7,55556
516	7,66667
517	7,66667
518	7,66667
519	7,88889
520	7,55556
521	7,44444
522	7,55556
523	7,66667
524	7,66667
525	7,66667
526	7,77778
527	7,77778
528	7,66667
529	7,77778
530	7,77778
531	7,77778
532	7,55556
533	7,66667
534	7,88889
535	7,88889
536	7,88889
537	7,88889
538	8,11111
539	8,33333
540	8,44444
541	8,88889
542	8,88889
543	9
544	9,11111
545	9,22222
546	9,22222
547	9,22222
548	9,22222
549	9,33333
550	9,22222
551	9,44444
552	9,22222
553	9,22222
554	9,33333
555	9,22222
556	9,33333
557	9,44444
558	9,55556
559	9,66667
560	9,88889
561	10
562	10,1111
563	9,88889
564	10
565	10
566	9,77778
567	10,2222
568	10,1111
569	10,2222
570	10,3333
571	10,3333
572	10,2222
573	10,5556
574	10,5556
575	10,3333
576	10,2222
577	10,3333
578	10,5556
579	10,5556
580	10,5556
581	10,6667
582	10,7778
583	10,7778
584	10,7778
585	10,7778
586	10,7778
587	10,6667
588	10,5556
589	10,5556
590	10,5556
591	10,7778
592	11
593	10,8889
594	11
595	11
596	11,3333
597	11,4444
598	11,6667
599	11,6667
600	11,8889
601	12,1111
602	12,5556
603	13,2222
604	13,5556
605	13,5556
606	14
607	14,5556
608	14,6667
609	15
610	15,2222
611	15,5556
612	15,7778
613	15,8889
614	16
615	16,1111
616	16,3333
617	16,5556
618	16,8889
619	17,2222
620	17,4444
621	17,4444
622	17,6667
623	17,6667
624	17,7778
625	17,7778
626	17,7778
627	17,8889
628	18
629	18
630	17,8889
631	17,6667
632	17,7778
633	17,6667
634	17,4444
635	17,4444
636	17,5556
637	17,4444
638	17,6667
639	17,5556
640	17,6667
641	17,8889
642	17,7778
643	17,7778
644	18,1111
645	18,1111
646	18
647	18
648	17,8889
649	17,7778
650	18,3333
651	18,3333
652	18,6667
653	18,6667
654	18,7778
655	18,5556
656	18,3333
657	18,2222
658	18,3333
659	18,4444
660	18,6667
661	18,7778
662	18,5556
663	18,6667
664	18,7778
665	18,3333
666	18,4444
667	18,3333
668	18,4444
669	18,4444
670	18,3333
671	18,1111
672	18,3333
673	18,4444
674	18,3333
675	18,3333
676	18,2222
677	18,3333
678	18,2222
679	18,1111
680	17,7778
681	17,7778
682	17,8889
683	17,7778
684	17,4444
685	17
686	16,6667
687	16,8889
688	17,2222
689	17
690	16,6667
691	16,8889
692	16,7778
693	16,6667
694	16,6667
695	16,4444
696	16,4444
697	16,3333
698	16,5556
699	16,5556
700	16,3333
701	16,3333
702	16,1111
703	16,3333
704	16,3333
705	16,1111
706	16,1111
707	16,1111
708	15,8889
709	15,7778
710	15,3333
711	15,3333
712	15,1111
713	14,7778
714	14,6667
715	14,3333
716	14,1111
717	14,1111
718	14,2222
719	14,1111
720	14,2222
721	14,3333
722	14,3333
723	14,3333
724	14,3333
725	14,1111
726	14,3333
727	14,3333
728	14,2222
729	14,2222
730	14,2222
731	14,1111
732	14,1111
733	14,2222
734	14,2222
735	14,4444
736	14,5556
737	14,4444
738	14,2222
739	14,5556
740	14
741	14
742	13,8889
743	13,8889
744	13,4444
745	13,4444
746	13,3333
747	12,8889
748	12,5556
749	12,7778
750	12,5556
751	12,6667
752	12,2222
753	12,2222
754	12,1111
755	12,1111
756	12,1111
757	12,2222
758	12,2222
759	12,2222
760	12,1111
761	12,1111
762	12,2222
763	12,2222
764	12
765	12
766	11,8889
767	12
768	11,6667
769	11,6667
770	11,5556
771	11,5556
772	11,3333
773	11,4444
774	11,4444
775	11,4444
776	11,3333
777	10,7778
778	10,6667
779	11
780	11,1111
781	11,1111
782	11
783	11
784	11
785	11
786	11,1111
787	11,2222
788	11,2222
789	11,3333
790	11,2222
791	11,3333
792	11
793	11
794	11,2222
795	11,1111
796	10,8889
797	11
798	10,8889
799	11
800	11,2222
801	11,2222
802	11,1111
803	11
804	11
805	10,6667
806	10,6667
807	11
808	11
809	11
810	11,1111
811	11,1111
812	11,1111
813	11,1111
814	11,2222
815	11,3333
816	11,4444
817	11,5556
818	11,6667
819	11,5556
820	11,6667
821	11,6667
822	11,8889
823	11,7778
824	11,5556
825	11,6667
826	11,6667
827	11,7778
828	11,7778
829	12
830	12,2222
831	12,2222
832	11,8889
833	11,7778
834	12,1111
835	12,5556
836	12,7778
837	13
838	12,8889
839	12,7778
840	12,7778
841	12,7778
842	13
843	13,4444
844	13,7778
845	14
846	14
847	13,8889
848	13,8889
849	13,8889
850	14
851	14,1111
852	13,8889
853	14
854	14,2222
855	14,2222
856	14,3333
857	14,4444
858	14,3333
859	14,4444
860	14,7778
861	14,6667
862	14,6667
863	14,7778
864	14,6667
865	14,8889
866	15
867	15,1111
868	15,2222
869	15,2222
870	15,2222
871	15,2222
872	15,3333
873	15,3333
874	15,2222
875	15,3333
876	15,1111
877	14,8889
878	14,8889
879	14,8889
880	15
881	14,7778
882	14,7778
883	15
884	14,6667
885	14,7778
886	14,5556
887	14,4444
888	14,1111
889	13,8889
890	13,5556
891	13,4444
892	13,1111
893	13,1111
894	13
895	13
896	13,1111
897	13,2222
898	13,3333
899	13,2222
900	13,5556
901	13,5556
902	13,4444
903	13,4444
904	13,3333
905	13
906	13
907	13
908	12,8889
909	12,8889
910	12,8889
911	12,6667
912	12,6667
913	12,2222
914	12
915	12,2222
916	12,1111
917	12
918	11,8889
919	11,8889
920	11,8889
921	11,8889
922	11,7778
923	11,6667
924	11,4444
925	11,2222
926	11,2222
927	11,2222
928	11,1111
929	11,1111
930	10,8889
931	10,8889
932	10,7778
933	10,6667
934	10,5556
935	10,6667
936	10,5556
937	10,4444
938	10,4444
939	10,6667
940	10,4444
941	10,3333
942	10,3333
943	10,2222
944	10,3333
945	10,1111
946	9,88889
947	10,1111
948	10,1111
949	10,3333
950	9,88889
951	10
952	9,77778
953	9,77778
954	9,77778
955	9,77778
956	9,88889
957	9,88889
958	9,88889
959	9,77778
960	9,88889
961	9,88889
962	10
963	10,2222
964	10,2222
965	10,3333
966	10,3333
967	10,3333
968	10,1111
969	10
970	9,88889
971	10,1111
972	10,4444
973	10,3333
974	10,4444
975	10,5556
976	10,4444
977	10,4444
978	10,3333
979	10,4444
980	10,3333
981	10,1111
982	10,1111
983	10,1111
984	10,2222
985	10,2222
986	10,6667
987	10,5556
988	10,4444
989	10,4444
990	10,4444
991	10,3333
992	10,3333
993	10,1111
994	9,66667
995	9,33333
996	9,44444
997	9,22222
998	9,22222
999	8,77778
1000	8,88889
1001	8,55556
1002	8,55556
1003	8,55556
1004	8,55556
1005	8,55556
1006	8,33333
1007	8,11111
1008	8,11111
1009	8,22222
1010	8,22222
1011	8,11111
1012	8
1013	8
1014	8,11111
1015	8,22222
1016	8,11111
1017	7,66667
1018	7,66667
1019	7,55556
1020	7,66667
1021	7,66667
1022	7,66667
1023	7,66667
1024	7,44444
1025	7,55556
1026	7,66667
1027	7,66667
1028	7,55556
1029	7,66667
1030	7,55556
1031	7,44444
1032	7,55556
1033	7,22222
1034	7,33333
1035	7
1036	7,11111
1037	7,22222
1038	7,22222
1039	7
1040	7
1041	7
1042	7
1043	7,11111
1044	7,22222
1045	7,22222
1046	7,22222
1047	7,22222
1048	7,22222
1049	7
1050	7
1051	7,11111
1052	7,11111
1053	7,22222
1054	7,33333
1055	7,33333
1056	7,33333
1057	7,11111
1058	7
1059	7
1060	7,11111
1061	7,11111
1062	7,11111
1063	6,88889
1064	7,22222
1065	7,22222
1066	7,44444
1067	7,55556
1068	7,44444
1069	7,44444
1070	7,66667
1071	7,66667
1072	7,55556
1073	7,66667
1074	7,55556
1075	7,44444
1076	7,55556
1077	7,77778
1078	7,66667
1079	7,55556
1080	7,66667
1081	7,77778
1082	7,77778
1083	7,77778
1084	7,77778
1085	7,77778
1086	7,77778
1087	7,77778
1088	7,88889
1089	7,77778
1090	8
1091	8,11111
1092	8,22222
1093	8,44444
1094	8,44444
1095	8,33333
1096	8,44444
1097	8,44444
1098	8,33333
1099	8,33333
1100	8,44444
1101	8,44444
1102	8,44444
1103	8,44444
1104	8,44444
1105	8,44444
1106	8,55556
1107	8,66667
1108	8,44444
1109	8,44444
1110	8,55556
1111	8,66667
1112	8,88889
1113	9,11111
1114	9
1115	9,11111
1116	9
1117	9
1118	9,11111
1119	9
1120	9,11111
1121	9,33333
1122	9,22222
1123	9,33333
1124	10
1125	9,88889
1126	10,1111
1127	10,2222
1128	10,4444
1129	10,3333
1130	10,2222
1131	10,2222
1132	10,3333
1133	10,4444
1134	10,5556
1135	10,4444
1136	10,6667
1137	10,5556
1138	10,7778
1139	10,8889
1140	11
1141	11
1142	11,1111
1143	10,8889
1144	11,1111
1145	11,3333
1146	11,7778
1147	11,8889
1148	12
1149	12
1150	12,2222
1151	12,3333
1152	12,3333
1153	12,2222
1154	12,5556
1155	12,8889
1156	13
1157	13
1158	13,2222
1159	13,3333
1160	13,4444
1161	13,7778
1162	13,6667
1163	13,5556
1164	13,8889
1165	14
1166	14,2222
1167	14,3333
1168	14,2222
1169	14,3333
1170	14,6667
1171	14,6667
1172	14,5556
1173	14,5556
1174	14,5556
1175	14,5556
1176	14,6667
1177	15
1178	15,1111
1179	15,4444
1180	15,3333
1181	15,3333
1182	15,7778
1183	15,7778
1184	16,2222
1185	16,1111
1186	16,1111
1187	16
1188	16
1189	16,1111
1190	16,2222
1191	16,3333
1192	16,4444
1193	16,6667
1194	16,6667
1195	16,7778
1196	16,7778
1197	16,7778
1198	16,7778
1199	16,8889
1200	16,7778
1201	16,8889
1202	17
1203	17,3333
1204	17,4444
1205	17,6667
1206	17,6667
1207	17,5556
1208	17,5556
1209	17,7778
1210	17,8889
1211	17,8889
1212	18
1213	18
1214	17,8889
1215	17,7778
1216	17,8889
1217	17,8889
1218	18
1219	18
1220	17,8889
1221	17,7778
1222	17,7778
1223	17,4444
1224	17,5556
1225	17,7778
1226	17,7778
1227	17,4444
1228	17,5556
1229	17,5556
1230	17,7778
1231	17,8889
1232	17,8889
1233	17,8889
1234	17,5556
1235	17,4444
1236	17,8889
1237	17,8889
1238	17,7778
1239	17,7778
1240	17,7778
1241	17,6667
1242	17,4444
1243	17,3333
1244	17,3333
1245	17,1111
1246	17,1111
1247	16,8889
1248	16,7778
1249	16,8889
1250	16,7778
1251	16,4444
1252	16,7778
1253	16,7778
1254	16,8889
1255	17,2222
1256	17,1111
1257	17
1258	16,8889
1259	16,6667
1260	16,7778
1261	16,8889
1262	16,8889
1263	17,2222
1264	17
1265	16,7778
1266	17
1267	17
1268	16,8889
1269	16,6667
1270	16,6667
1271	16,7778
1272	16,5556
1273	16,4444
1274	16,4444
1275	16,1111
1276	15,8889
1277	15,7778
1278	15,7778
1279	15,7778
1280	15,6667
1281	15,6667
1282	15,6667
1283	15,7778
1284	15,8889
1285	15,7778
1286	15,8889
1287	15,7778
1288	15,7778
1289	15,4444
1290	15,3333
1291	15,1111
1292	14,8889
1293	14,4444
1294	14,5556
1295	14,3333
1296	14,2222
1297	13,8889
1298	14
1299	14,1111
1300	14,3333
1301	14,4444
1302	14,2222
1303	14,1111
1304	14,1111
1305	14,1111
1306	14,2222
1307	14,1111
1308	14,1111
1309	14
1310	14
1311	13,8889
1312	13,7778
1313	13,8889
1314	14
1315	13,7778
1316	13,6667
1317	13,6667
1318	13,6667
1319	13,3333
1320	13,3333
1321	13,3333
1322	13,4444
1323	13,6667
1324	13,5556
1325	13,4444
1326	13,5556
1327	13,4444
1328	13
1329	13
1330	12,6667
1331	12,4444
1332	12,3333
1333	12,2222
1334	12,2222
1335	12,2222
1336	12,2222
1337	12
1338	11,8889
1339	11,7778
1340	11,6667
1341	11,7778
1342	11,7778
1343	11,6667
1344	11,7778
1345	11,7778
1346	11,5556
1347	11,5556
1348	11,5556
1349	11,4444
1350	11,4444
1351	11,6667
1352	11,6667
1353	11,3333
1354	11,1111
1355	11
1356	11
1357	11
1358	11
1359	10,8889
1360	10,7778
1361	10,3333
1362	10,4444
1363	10,2222
1364	10,1111
1365	10,1111
1366	9,77778
1367	9,66667
1368	9,77778
1369	9,66667
1370	9,66667
1371	9,33333
1372	9,44444
1373	9,66667
1374	9,55556
1375	9,55556
1376	9,55556
1377	9,55556
1378	9,11111
1379	9
1380	9
1381	8,88889
1382	8,77778
1383	8,77778
1384	8,77778
1385	8,77778
1386	8,44444
1387	8,33333
1388	8,22222
1389	8,22222
1390	7,88889
1391	7,88889
1392	7,55556
1393	7,44444
1394	7,55556
1395	7,33333
1396	7,33333
1397	7,22222
1398	7,11111
1399	7
1400	7
1401	7,22222
1402	7
1403	6,88889
1404	6,88889
1405	6,55556
1406	6,44444
1407	6,33333
1408	6,22222
1409	6,44444
1410	6,55556
1411	6,33333
1412	6,55556
1413	6,55556
1414	6,66667
1415	6,66667
1416	6,77778
1417	6,66667
1418	6,55556
1419	6,55556
1420	6,55556
1421	6,55556
1422	6,44444
1423	6,33333
1424	6,22222
1425	6,11111
1426	6,11111
1427	6,33333
1428	6,33333
1429	6,22222
1430	6,22222
1431	6,33333
1432	6,33333
1433	6,22222
1434	6,22222
1435	6,11111
1436	6,11111
1437	6
1438	6
1439	5,88889
1440	5,88889
1441	5,88889
1442	6
1443	6
1444	6
1445	6
1446	6
1447	6
1448	6
1449	6
1450	5,88889
1451	5,88889
1452	5,88889
1453	5,77778
1454	5,88889
1455	5,88889
1456	6,11111
1457	6
1458	6
1459	6
1460	6
1461	6
1462	5,88889
1463	5,77778
1464	5,77778
1465	5,66667
1466	5,55556
1467	5,66667
1468	5,44444
1469	5,33333
1470	5,33333
1471	5,22222
1472	5,22222
1473	5,33333
1474	5
1475	5
1476	5
1477	5
1478	5
1479	5,11111
1480	5,22222
1481	5,33333
1482	5,22222
1483	5,66667
1484	5,66667
1485	5,66667
1486	5,77778
1487	5,66667
1488	5,88889
1489	6
1490	5,77778
1491	6
1492	6,11111
1493	6,11111
1494	6,11111
1495	6,33333
1496	6,33333
1497	6,22222
1498	6,11111
1499	6
1500	6,22222
1501	6,44444
1502	6,44444
1503	6,55556
1504	6,66667
1505	6,77778
1506	6,77778
1507	6,77778
1508	6,77778
1509	6,77778
1510	6,88889
1511	7
1512	7
1513	7
1514	7
1515	7
1516	7
1517	7,11111
1518	7,11111
1519	6,77778
1520	6,77778
1521	7
1522	7,11111
1523	7,11111
1524	7,11111
1525	7,22222
1526	7,33333
1527	7,22222
1528	7,33333
1529	7,44444
1530	7,44444
1531	7,55556
1532	7,44444
1533	7,44444
1534	7,33333
1535	7,44444
1536	7,44444
1537	7,44444
1538	7,44444
1539	7,44444
1540	7,44444
1541	7,55556
1542	7,44444
1543	7,44444
1544	7,33333
1545	7,22222
1546	7,55556
1547	7,66667
1548	7,66667
1549	7,33333
1550	7,33333
1551	7,44444
1552	7,33333
1553	7,33333
1554	7,44444
1555	7,77778
1556	7,88889
1557	8,11111
1558	8,11111
1559	8
1560	8
1561	8,11111
1562	8
1563	7,77778
1564	7,77778
1565	7,77778
1566	7,77778
1567	7,88889
1568	8
1569	8,11111
1570	8,33333
1571	8,22222
1572	8,44444
1573	8,55556
1574	8,55556
1575	8,77778
1576	8,88889
1577	8,88889
1578	8,77778
1579	9
1580	9,11111
1581	9,33333
1582	9,33333
1583	9,33333
1584	9,22222
1585	9,33333
1586	9,44444
1587	9,44444
1588	9,66667
1589	9,66667
1590	9,66667
1591	9,66667
1592	9,77778
1593	9,66667
1594	9,66667
1595	9,55556
1596	9,66667
1597	9,77778
1598	9,77778
1599	9,77778
1600	9,66667
1601	9,77778
1602	10
1603	10
1604	10,1111
1605	10,1111
1606	10,2222
1607	10,2222
1608	10,2222
1609	10,3333
1610	10,2222
1611	10,2222
1612	10,1111
1613	10,2222
1614	10,4444
1615	10,2222
1616	10,2222
1617	10,3333
1618	10,3333
1619	10,5556
1620	10,5556
1621	10,7778
1622	10,7778
1623	10,8889
1624	10,7778
1625	11,2222
1626	11,5556
1627	11,4444
1628	11,4444
1629	11,1111
1630	10,8889
1631	10,8889
1632	10,8889
1633	10,8889
1634	11
1635	11,1111
1636	11,2222
1637	11,1111
1638	11,1111
1639	11
1640	11,2222
1641	11,2222
1642	11,2222
1643	11,1111
1644	11,1111
1645	11,3333
1646	11,2222
1647	11,3333
1648	11,5556
1649	11,5556
1650	11,6667
1651	11,5556
1652	11,5556
1653	11,5556
1654	11,6667
1655	11,6667
1656	11,5556
1657	11,5556
1658	11,5556
1659	11,6667
1660	11,8889
1661	11,8889
1662	12
1663	12
1664	12
1665	12
1666	12,1111
1667	12
1668	11,8889
1669	11,5556
1670	11,5556
1671	11,5556
1672	11,5556
1673	11,5556
1674	11,5556
1675	11,6667
1676	11,6667
1677	11,7778
1678	11,7778
1679	11,8889
1680	11,6667
1681	11,6667
1682	12
1683	12,1111
1684	12,1111
1685	12,1111
1686	12,1111
1687	12
1688	12
1689	12
1690	12
1691	12,2222
1692	12,4444
1693	12,5556
1694	12,5556
1695	12,7778
1696	12,7778
1697	12,5556
1698	12,5556
1699	12,2222
1700	12,4444
1701	12,3333
1702	12,5556
1703	12,6667
1704	12,7778
1705	12,7778
1706	12,8889
1707	12,8889
1708	12,7778
1709	13
1710	13,1111
1711	12,7778
1712	12,6667
1713	13,1111
1714	13,1111
1715	13
1716	13
1717	13
1718	12,8889
1719	12,8889
1720	12,8889
1721	13
1722	13
1723	12,8889
1724	12,7778
1725	12,7778
1726	12,7778
1727	12,6667
1728	12,7778
1729	12,6667
1730	12,8889
1731	13
1732	12,8889
1733	12,7778
1734	12,6667
1735	12,5556
1736	12,7778
1737	12,8889
1738	12,7778
1739	12,6667
1740	12,7778
1741	12,5556
1742	12,4444
1743	12,5556
1744	12,4444
1745	12,2222
1746	12,3333
1747	12,4444
1748	12,4444
1749	12,5556
1750	12,5556
1751	12,4444
1752	12,4444
1753	12,7778
1754	12,6667
1755	12,4444
1756	12,2222
1757	12,2222
1758	12,5556
1759	12,5556
1760	12,4444
1761	12,6667
1762	12,7778
1763	12,7778
1764	12,8889
1765	12,6667
1766	12,7778
1767	12,7778
1768	12,6667
1769	12,5556
1770	12,4444
1771	12,4444
1772	12,3333
1773	12,4444
1774	13
1775	13,1111
1776	12,7778
1777	13,2222
1778	13,5556
1779	13,7778
1780	13,8889
1781	14,2222
1782	14,7778
1783	14,8889
1784	15
1785	15
1786	15,5556
1787	15,4444
1788	15,4444
1789	15,4444
1790	15,3333
1791	15,4444
1792	15,4444
1793	15,4444
1794	15,4444
1795	15,3333
1796	15,1111
1797	15,1111
1798	15,1111
1799	15,1111
1800	15,2222
1801	15,2222
1802	15,3333
1803	15,3333
1804	15,3333
1805	15,4444
1806	15,4444
1807	15,3333
1808	15,3333
1809	15,4444
1810	15,5556
1811	15,5556
1812	15,4444
1813	15,7778
1814	15,7778
1815	15,6667
1816	16
1817	16,1111
1818	16,1111
1819	16,3333
1820	16,3333
1821	16,2222
1822	16,2222
1823	16,2222
1824	16,1111
1825	16
1826	15,8889
1827	15,7778
1828	15,6667
1829	15,5556
1830	15,4444
1831	15,3333
1832	15,3333
1833	15
1834	14,7778
1835	14,6667
1836	14,5556
1837	14,5556
1838	14,6667
1839	14,4444
1840	14,3333
1841	14,3333
1842	14,2222
1843	14,2222
1844	14,1111
1845	14,1111
1846	14
1847	14
1848	14
1849	13,6667
1850	13,6667
1851	13,6667
1852	13,7778
1853	13,7778
1854	13,4444
1855	13,2222
1856	12,5556
1857	12,3333
1858	12,3333
1859	12,3333
1860	12,3333
1861	12
1862	12
1863	12,2222
1864	11,8889
1865	11,7778
1866	11,6667
1867	11,6667
1868	11,5556
1869	11,4444
1870	11,3333
1871	11,1111
1872	10,8889
1873	11
1874	10,7778
1875	10,5556
1876	10,3333
1877	10,3333
1878	10,3333
1879	10,2222
1880	10,2222
1881	10,1111
1882	10
1883	9,77778
1884	9,77778
1885	9,88889
1886	9,77778
1887	9,66667
1888	9,55556
1889	9,77778
1890	9,55556
1891	9,44444
1892	9,44444
1893	9,55556
1894	9,44444
1895	9,44444
1896	9,55556
1897	9,88889
1898	9,88889
1899	9,66667
1900	9,55556
1901	9,55556
1902	9,55556
1903	9,55556
1904	9,22222
1905	9,22222
1906	9,11111
1907	9,11111
1908	9
1909	9
1910	9
1911	8,66667
1912	8,44444
1913	8,55556
1914	8,44444
1915	8,55556
1916	8,88889
1917	8,88889
1918	9
1919	8,88889
1920	8,88889
1921	8,88889
1922	9
1923	9
1924	8,77778
1925	8,77778
1926	8,66667
1927	8,88889
1928	8,88889
1929	8,77778
1930	9
1931	9,22222
1932	8,88889
1933	9
1934	9,11111
1935	9
1936	9,11111
1937	9
1938	9,33333
1939	9,33333
1940	9,33333
1941	9,33333
1942	9,11111
1943	9,44444
1944	9,33333
1945	9,55556
1946	9,55556
1947	9,66667
1948	9,77778
1949	10,1111
1950	10,1111
1951	10,3333
1952	10,2222
1953	10,2222
1954	10,3333
1955	10,2222
1956	10,2222
1957	10,3333
1958	10,3333
1959	10,4444
1960	10,4444
1961	10,4444
1962	10,7778
1963	10,8889
1964	10,8889
1965	10,8889
1966	11,1111
1967	10,8889
1968	10,8889
1969	10,7778
1970	10,7778
1971	10,8889
1972	10,8889
1973	10,8889
1974	10,7778
1975	10,7778
1976	10,7778
1977	11
1978	11,1111
1979	11,3333
1980	11,2222
1981	11,3333
1982	11,3333
1983	11,3333
1984	11,4444
1985	11,4444
1986	11,5556
1987	11,5556
1988	11,6667
1989	11,5556
1990	11,5556
1991	11,5556
1992	11,6667
1993	11,6667
1994	11,7778
1995	11,8889
1996	11,8889
1997	12
1998	12
1999	12,5556
2000	12,4444
2001	12,4444
2002	12,4444
2003	12,5556
2004	12,6667
2005	13
2006	13
2007	13
2008	13,1111
2009	13,1111
2010	13
2011	12,8889
2012	12,8889
2013	12,8889
2014	13
2015	12,8889
2016	12,7778
2017	12,5556
2018	12,4444
2019	12,4444
2020	12,4444
2021	12,2222
2022	12,3333
2023	12,3333
2024	12,3333
2025	12,2222
2026	12,2222
2027	12,3333
2028	12,3333
2029	12,1111
2030	11,8889
2031	12
2032	12
2033	12,1111
2034	12,4444
2035	12,2222
2036	12,4444
2037	12,4444
2038	12,7778
2039	12,7778
2040	12,7778
2041	12,7778
2042	12,8889
2043	13,1111
2044	13,3333
2045	13,3333
2046	13,5556
2047	13,4444
2048	13,2222
2049	13,4444
2050	13,4444
2051	13,1111
2052	13,1111
2053	13,2222
2054	13
2055	12,8889
2056	12,8889
2057	12,8889
2058	12,8889
2059	12,7778
2060	12,7778
2061	12,6667
2062	12,6667
2063	12,6667
2064	12,5556
2065	12,7778
2066	12,7778
2067	12,5556
2068	12,5556
2069	12,5556
2070	12,3333
2071	12,3333
2072	12,4444
2073	12,4444
2074	12,6667
2075	12,3333
2076	12
2077	12,3333
2078	12,3333
2079	12,3333
2080	12,6667
2081	12,4444
2082	12,6667
2083	12,5556
2084	12,5556
2085	12,6667
2086	12,8889
2087	12,7778
2088	12,3333
2089	12,5556
2090	12,6667
2091	12,5556
2092	12,4444
2093	12,5556
2094	12,7778
2095	13,1111
2096	13,2222
2097	13,2222
2098	13,1111
2099	13,1111
2100	13
2101	13
2102	13,1111
2103	13,1111
2104	13,1111
2105	13
2106	13
2107	13
2108	12,8889
2109	13,1111
2110	13,1111
2111	13,2222
2112	13,4444
2113	13,3333
2114	13,3333
2115	13,2222
2116	13
2117	12,8889
2118	13
2119	13
2120	13,2222
2121	13,2222
2122	13,2222
2123	13,3333
2124	13,4444
2125	13,5556
2126	13,5556
2127	13,6667
2128	13,5556
2129	13,4444
2130	13,3333
2131	13,6667
2132	13,5556
2133	13,5556
2134	13,6667
2135	13,5556
2136	13,6667
2137	13,5556
2138	13,6667
2139	13,5556
2140	13,6667
2141	13,7778
2142	13,7778
2143	13,8889
2144	13,7778
2145	13,8889
2146	14
2147	14
2148	13,8889
2149	13,8889
2150	13,8889
2151	14,1111
2152	14,1111
2153	14,2222
2154	14,1111
2155	14,4444
2156	14,6667
2157	14,6667
2158	14,3333
2159	14,3333
2160	14,2222
2161	14,2222
2162	14,1111
2163	14,1111
2164	14,1111
2165	13,8889
2166	13,8889
2167	13,8889
2168	14
2169	13,8889
2170	13,6667
2171	13,4444
2172	13,5556
2173	13,5556
2174	13,5556
2175	13,3333
2176	13,2222
2177	13,3333
2178	13,3333
2179	13,4444
2180	13,4444
2181	13,6667
2182	13,5556
2183	13,7778
2184	13,6667
2185	13,1111
2186	13
2187	13
2188	13,1111
2189	12,8889
2190	12,8889
2191	12,7778
2192	12,6667
2193	12,3333
2194	12
2195	11,7778
2196	11,7778
2197	11,7778
2198	11,7778
2199	12
2200	11,8889
2201	11,8889
2202	11,6667
2203	11,6667
2204	11,5556
2205	11,5556
2206	11,6667
2207	12
2208	12,1111
2209	12,2222
2210	12,3333
2211	12,5556
2212	12,6667
2213	12,4444
2214	12,4444
2215	12,3333
2216	12,3333
2217	12,3333
2218	12,2222
2219	12,3333
2220	12,1111
2221	12,4444
2222	12,6667
2223	12,4444
2224	12,4444
2225	12,5556
2226	12,5556
2227	12,8889
2228	12,8889
2229	13,1111
2230	13,3333
2231	13,2222
2232	13,2222
2233	13,2222
2234	13,3333
2235	13,1111
2236	13
2237	12,8889
2238	13,2222
2239	13,1111
2240	13,1111
2241	13
2242	13
2243	12,8889
2244	12,8889
2245	12,6667
2246	12,5556
2247	12,4444
2248	12,5556
2249	12,5556
2250	12,8889
2251	12,8889
2252	12,8889
2253	13,3333
2254	13,4444
2255	13,5556
2256	13,7778
2257	13,8889
2258	14,4444
2259	14,6667
2260	14,6667
2261	14,7778
2262	15,1111
2263	14,8889
2264	15
2265	15
2266	15,2222
2267	15,3333
2268	15,3333
2269	15,4444
2270	15,2222
2271	15
2272	15,4444
2273	15,5556
2274	15,7778
2275	15,7778
2276	15,8889
2277	16,1111
2278	16,4444
2279	16,3333
2280	16,5556
2281	16,4444
2282	16,6667
2283	16,7778
2284	16,7778
2285	16,6667
2286	16,8889
2287	17
2288	17
2289	17,5556
2290	17,8889
2291	18
2292	18,1111
2293	18,4444
2294	18,6667
2295	18,5556
2296	18,8889
2297	18,7778
2298	18,8889
2299	19,4444
2300	19,5556
2301	20,3333
2302	20,4444
2303	20,7778
2304	21
2305	21
2306	21,3333
2307	21,7778
2308	21,8889
2309	22,2222
2310	22,7778
2311	23
2312	23,6667
2313	23,5556
2314	23,6667
2315	24
2316	24,2222
2317	24,2222
2318	24,1111
2319	23,8889
2320	23,8889
2321	24
2322	24,1111
2323	24,1111
2324	24,2222
2325	24,3333
2326	24,1111
2327	24,2222
2328	24,2222
2329	24,3333
2330	24,5556
2331	24,5556
2332	24,6667
2333	24,6667
2334	24,4444
2335	24,7778
2336	24,5556
2337	24,7778
2338	24,8889
2339	24,7778
2340	25
2341	25,2222
2342	25,2222
2343	25,4444
2344	25,6667
2345	25,8889
2346	25,8889
2347	26,1111
2348	26,3333
2349	26,3333
2350	26,4444
2351	27
2352	27
2353	27,1111
2354	27,3333
2355	27,3333
2356	27,1111
2357	27,1111
2358	27,1111
2359	27,2222
2360	27,2222
2361	26,7778
2362	26,6667
2363	27
2364	27,3333
2365	27,2222
2366	27,2222
2367	27,2222
2368	26,7778
2369	26,6667
2370	26,5556
2371	26,4444
2372	26,6667
2373	26,8889
2374	27,2222
2375	27,4444
2376	27,5556
2377	28
2378	27,8889
2379	28,1111
2380	28
2381	28,1111
2382	28,1111
2383	28,2222
2384	28,1111
2385	28,2222
2386	28,3333
2387	28,3333
2388	28,3333
2389	28,4444
2390	28,5556
2391	28,5556
2392	28,7778
2393	28,8889
2394	28,8889
2395	28,8889
2396	28,7778
2397	28,6667
2398	28,6667
2399	28,5556
2400	28,8889
2401	28,4444
2402	28
2403	28
2404	27,7778
2405	27,7778
2406	27,5556
2407	27,5556
2408	27,6667
2409	27,3333
2410	27,4444
2411	27,3333
2412	27
2413	26,8889
2414	26,8889
2415	26,6667
2416	25,7778
2417	25,4444
2418	25,5556
2419	25,3333
2420	24,8889
2421	24,8889
2422	24,4444
2423	24,2222
2424	24,3333
2425	23,4444
2426	23,2222
2427	23,4444
2428	24
2429	23,8889
2430	24,1111
2431	23,7778
2432	23,6667
2433	22,8889
2434	22,3333
2435	22,3333
2436	22,1111
2437	22
2438	22
2439	22,2222
2440	22,1111
2441	21,7778
2442	21,5556
2443	21,5556
2444	21,2222
2445	21,2222
2446	21,1111
2447	21
2448	21
2449	20,4444
2450	19,8889
2451	19,4444
2452	19,2222
2453	19,2222
2454	19
2455	18,7778
2456	18,8889
2457	19
2458	18,8889
2459	18,5556
2460	18,4444
2461	18,2222
2462	18,1111
2463	17,7778
2464	17,6667
2465	18
2466	17,7778
2467	17,4444
2468	17,3333
2469	17,1111
2470	17,3333
2471	17
2472	16,8889
2473	16,7778
2474	16,6667
2475	16,7778
2476	17
2477	17,1111
2478	17
2479	17,1111
2480	16,6667
2481	16,5556
2482	17
2483	16,7778
2484	16,4444
2485	16,5556
2486	16,6667
2487	16,4444
2488	16,3333
2489	16,5556
2490	16
2491	15,7778
2492	15,3333
2493	15
2494	15
2495	15,4444
2496	15,2222
2497	14,7778
2498	14,7778
2499	14,6667
2500	14,6667
2501	14,4444
2502	14
2503	14,2222
2504	14,1111
2505	14,1111
2506	14,1111
2507	14,3333
2508	14,6667
2509	14,6667
2510	14,7778
2511	15
2512	15
2513	14,7778
2514	14,6667
2515	14,6667
2516	14,5556
2517	14,6667
2518	14,7778
2519	14,5556
2520	14,3333
2521	14,2222
2522	14,1111
2523	14,2222
2524	14,3333
2525	13,7778
2526	13,5556
2527	13,5556
2528	13,4444
2529	13,1111
2530	13
2531	13
2532	13
2533	12,8889
2534	13,2222
2535	13,2222
2536	12,8889
2537	12,8889
2538	12,7778
2539	12,5556
2540	12,4444
2541	12,6667
2542	12,3333
2543	12,1111
2544	12,2222
2545	12,1111
2546	12
2547	12
2548	11,8889
2549	12,2222
2550	12,2222
2551	11,8889
2552	11,7778
2553	11,6667
2554	11,6667
2555	11,7778
2556	11,6667
2557	11,7778
2558	11,4444
2559	11,2222
2560	11,4444
2561	11,3333
2562	11,1111
2563	11
2564	10,7778
2565	11,1111
2566	11,1111
2567	11,4444
2568	11,4444
2569	11,1111
2570	11,3333
2571	11,3333
2572	11,2222
2573	11,2222
2574	11,1111
2575	11,1111
2576	11
2577	11,1111
2578	10,8889
2579	10,6667
2580	10,6667
2581	10,7778
2582	10,8889
2583	11
2584	11,2222
2585	11,2222
2586	11,2222
2587	11,1111
2588	10,8889
2589	10,6667
2590	10,6667
2591	10,6667
2592	10,7778
2593	10,6667
2594	10,4444
2595	10,1111
2596	10,2222
2597	10,1111
2598	10,3333
2599	10,1111
2600	10,1111
2601	10,2222
2602	10,1111
2603	10,2222
2604	10
2605	10
2606	9,88889
2607	9,66667
2608	9,66667
2609	9,55556
2610	9,44444
2611	9,55556
2612	9,55556
2613	9,55556
2614	9,44444
2615	9,66667
2616	9,88889
2617	10,1111
2618	10,2222
2619	10,2222
2620	10,2222
2621	10,3333
2622	10,2222
2623	10,1111
2624	10,2222
2625	10,2222
2626	9,88889
2627	9,55556
2628	9,77778
2629	9,66667
2630	9,55556
2631	9,55556
2632	9,55556
2633	9,44444
2634	9,44444
2635	9,33333
2636	9,11111
2637	9
2638	9
2639	8,77778
2640	8,55556
2641	8,55556
2642	8,55556
2643	8,44444
2644	8,44444
2645	8,11111
2646	8
2647	8,11111
2648	8
2649	7,77778
2650	7,77778
2651	7,77778
2652	7,66667
2653	7,66667
2654	7,66667
2655	7,55556
2656	7,55556
2657	7,55556
2658	7,44444
2659	7,33333
2660	7,33333
2661	7,11111
2662	7,11111
2663	6,77778
2664	6,77778
2665	6,66667
2666	6,55556
2667	6,55556
2668	6,33333
2669	6,22222
2670	6,11111
2671	6,11111
2672	6
2673	6
2674	6
2675	5,88889
2676	5,88889
2677	5,88889
2678	5,88889
2679	5,88889
2680	5,77778
2681	5,66667
2682	5,33333
2683	5,11111
2684	5,11111
2685	5
2686	4,88889
2687	4,88889
2688	4,77778
2689	4,66667
2690	4,77778
2691	4,55556
2692	4,44444
2693	4,33333
2694	4,11111
2695	3,88889
2696	3,88889
2697	3,88889
2698	3,77778
2699	3,77778
2700	3,66667
2701	3,66667
2702	3,66667
2703	3,66667
2704	3,66667
2705	3,66667
2706	3,55556
2707	3,55556
2708	3,44444
2709	3,11111
2710	3,11111
2711	3,11111
2712	3,11111
2713	3,11111
2714	3,22222
2715	3,22222
2716	3,22222
2717	3,22222
2718	3,11111
2719	3,22222
2720	3,11111
2721	3
2722	3,11111
2723	3,11111
2724	3,11111
2725	3,11111
2726	3,11111
2727	3
2728	3
2729	3
2730	3
2731	2,88889
2732	2,77778
2733	2,77778
2734	2,77778
2735	2,77778
2736	2,77778
2737	2,77778
2738	2,77778
2739	2,88889
2740	2,88889
2741	2,88889
2742	2,88889
2743	2,88889
2744	2,88889
2745	2,77778
2746	2,77778
2747	2,77778
2748	2,55556
2749	2,55556
2750	2,66667
2751	2,66667
2752	2,66667
2753	2,66667
2754	2,55556
2755	2,55556
2756	2,55556
2757	2,44444
2758	2,55556
2759	2,66667
2760	2,66667
2761	2,66667
2762	2,77778
2763	2,88889
2764	2,88889
2765	2,88889
2766	3
2767	3,22222
2768	3,11111
2769	3,11111
2770	3,44444
2771	3,44444
2772	3,44444
2773	3,33333
2774	3,55556
2775	3,55556
2776	3,66667
2777	3,66667
2778	3,66667
2779	3,66667
2780	3,66667
2781	3,66667
2782	3,66667
2783	3,55556
2784	3,66667
2785	3,66667
2786	3,66667
2787	3,66667
2788	4
2789	4,11111
2790	4,33333
2791	4,33333
2792	4,33333
2793	4,55556
2794	4,77778
2795	5
2796	5
2797	5
2798	5
2799	5,33333
2800	5,44444
2801	5,44444
2802	5,44444
2803	5,44444
2804	5,33333
2805	5,22222
2806	5,33333
2807	5,33333
2808	5,44444
2809	5,44444
2810	5,44444
2811	5,44444
2812	5,66667
2813	5,88889
2814	6
2815	6,22222
2816	6,22222
2817	6,33333
2818	6,33333
2819	6,33333
2820	6,66667
2821	6,66667
2822	6,55556
2823	6,55556
2824	6,88889
2825	7,11111
2826	7,11111
2827	7,11111
2828	7
2829	7,33333
2830	7,33333
2831	7,55556
2832	7,77778
2833	7,77778
2834	8
2835	8,22222
2836	8,33333
2837	8,77778
2838	8,88889
2839	9,11111
2840	9,22222
2841	9,33333
2842	9,33333
2843	9,44444
2844	9,55556
2845	9,66667
2846	9,88889
2847	10,1111
2848	10,2222
2849	10,2222
2850	10,3333
2851	10,4444
2852	10,6667
2853	10,7778
2854	11
2855	11
2856	11,1111
2857	11,1111
2858	11,2222
2859	11,3333
2860	11,4444
2861	11,1111
2862	11,2222
2863	11,5556
2864	11,8889
2865	12,1111
2866	12,2222
2867	12,2222
2868	12,2222
2869	12,3333
2870	12,6667
2871	12,6667
2872	12,6667
2873	12,6667
2874	12,7778
2875	13
2876	12,8889
2877	12,8889
2878	13,1111
2879	13,4444
2880	13,7778
2881	13,6667
2882	13,7778
2883	13,8889
2884	13,7778
2885	13,7778
2886	13,8889
2887	14
2888	14,1111
2889	14,2222
2890	14,4444
2891	15
2892	15,2222
2893	15,5556
2894	15,7778
2895	15,8889
2896	15,8889
2897	15,8889
2898	16,3333
2899	16,4444
2900	16,5556
2901	16,6667
2902	16,8889
2903	17,2222
2904	17,4444
2905	17,5556
2906	17,4444
2907	17,6667
2908	17,6667
2909	17,6667
2910	17,8889
2911	18,1111
2912	18,1111
2913	18
2914	18,1111
2915	18,2222
2916	18,2222
2917	18,6667
2918	18,5556
2919	18,3333
2920	18,5556
2921	18,3333
2922	18,3333
2923	18,4444
2924	18,8889
2925	18,5556
2926	18,6667
2927	18,5556
2928	18,8889
2929	18,8889
2930	18,7778
2931	19
2932	18,8889
2933	19
2934	18,7778
2935	19
2936	19,2222
2937	19,3333
2938	19,4444
2939	19,3333
2940	19,2222
2941	19,3333
2942	19,3333
2943	19
2944	19
2945	18,8889
2946	18,7778
2947	18,6667
2948	18,7778
2949	19,2222
2950	18,8889
2951	18,8889
2952	19
2953	18,6667
2954	18,6667
2955	18,8889
2956	19,1111
2957	19,1111
2958	18,7778
2959	18,6667
2960	18,6667
2961	18,6667
2962	18,6667
2963	18,5556
2964	18,2222
2965	18,1111
2966	18
2967	18,1111
2968	18
2969	18
2970	18
2971	17,4444
2972	17,4444
2973	17,2222
2974	17,2222
2975	17,1111
2976	16,8889
2977	16,2222
2978	16,3333
2979	16,4444
2980	16,3333
2981	15,6667
2982	15,4444
2983	15,3333
2984	15,2222
2985	15
2986	14,7778
2987	15
2988	14,5556
2989	14,4444
2990	14,4444
2991	14,4444
2992	14,4444
2993	14,3333
2994	14,2222
2995	14
2996	14
2997	13,6667
2998	13,6667
2999	13,4444
3000	13,3333
3001	13,4444
3002	13,3333
3003	13,2222
3004	13,2222
3005	13
3006	12,8889
3007	12,6667
3008	12,5556
3009	12,4444
3010	12,2222
3011	12
3012	12,1111
3013	12
3014	12
3015	11,8889
3016	11,7778
3017	11,6667
3018	11,8889
3019	11,7778
3020	11,7778
3021	11,8889
3022	11,6667
3023	11,7778
3024	11,8889
3025	11,6667
3026	11,6667
3027	11,5556
3028	11,4444
3029	11,4444
3030	11,4444
3031	11,5556
3032	11,3333
3033	11,2222
3034	11,2222
3035	11,2222
3036	11
3037	11
3038	10,8889
3039	11
3040	10,6667
3041	10,5556
3042	10,4444
3043	10,4444
3044	10,4444
3045	10,3333
3046	10,5556
3047	10,5556
3048	10,5556
3049	10,4444
3050	10,4444
3051	10,4444
3052	10,4444
3053	10,4444
3054	10,4444
3055	10,5556
3056	10,5556
3057	10,6667
3058	10,6667
3059	10,6667
3060	10,7778
3061	10,7778
3062	10,5556
3063	10,4444
3064	10,2222
3065	10,1111
3066	10,1111
3067	10,1111
3068	10
3069	10
3070	9,88889
3071	9,55556
3072	9,55556
3073	9,55556
3074	9,11111
3075	8,77778
3076	8,66667
3077	8,55556
3078	8,77778
3079	8,66667
3080	8,66667
3081	8,88889
3082	8,55556
3083	8,44444
3084	8,44444
3085	8,22222
3086	8,11111
3087	8,11111
3088	7,88889
3089	7,55556
3090	7,55556
3091	7,55556
3092	7,44444
3093	7,44444
3094	7,33333
3095	7,33333
3096	7,22222
3097	7,22222
3098	7,33333
3099	7,44444
3100	7,33333
3101	7,22222
3102	7,22222
3103	7,22222
3104	7,44444
3105	7,33333
3106	7,22222
3107	7,22222
3108	7
3109	6,77778
3110	6,77778
3111	6,77778
3112	6,77778
3113	6,77778
3114	6,66667
3115	6,66667
3116	6,55556
3117	6,55556
3118	6,44444
3119	6,44444
3120	6,33333
3121	6,33333
3122	6,33333
3123	6,22222
3124	6,22222
3125	6,22222
3126	6,22222
3127	6,22222
3128	6,22222
3129	6,11111
3130	6
3131	6
3132	6,33333
3133	6,33333
3134	6,33333
3135	6,11111
3136	6,22222
3137	6,11111
3138	6
3139	5,88889
3140	5,77778
3141	5,77778
3142	5,77778
3143	5,55556
3144	5,44444
3145	5,44444
3146	5,33333
3147	5
3148	5
3149	5
3150	4,88889
3151	4,77778
3152	4,77778
3153	4,77778
3154	4,55556
3155	4,44444
3156	4,33333
3157	4,22222
3158	4,44444
3159	4,44444
3160	4,44444
3161	4,22222
3162	4,22222
3163	4,11111
3164	4,11111
3165	4,11111
3166	4,11111
3167	4,22222
3168	4,11111
3169	4,11111
3170	4,11111
3171	4,22222
3172	4,33333
3173	4,44444
3174	4,44444
3175	4,22222
3176	4,33333
3177	4,33333
3178	4,44444
3179	4,33333
3180	4,55556
3181	4,55556
3182	4,55556
3183	4,55556
3184	4,66667
3185	4,66667
3186	4,66667
3187	4,66667
3188	4,66667
3189	4,88889
3190	5
3191	5
3192	5,11111
3193	5
3194	5,22222
3195	5,33333
3196	5,55556
3197	5,88889
3198	5,88889
3199	5,88889
3200	6
3201	6,11111
3202	6,11111
3203	6,11111
3204	6,22222
3205	6,33333
3206	6,33333
3207	6,55556
3208	6,55556
3209	6,55556
3210	6,55556
3211	6,66667
3212	6,88889
3213	7
3214	7,11111
3215	7,22222
3216	7,22222
3217	7,22222
3218	7,33333
3219	7,33333
3220	7,66667
3221	7,66667
3222	7,66667
3223	8
3224	8,11111
3225	8,11111
3226	8,22222
3227	8,22222
3228	8,22222
3229	8,33333
3230	8,33333
3231	8,44444
3232	8,77778
3233	8,77778
3234	8,77778
3235	8,77778
3236	8,77778
3237	9
3238	9
3239	9,22222
3240	9,22222
3241	9,22222
3242	9,33333
3243	9,33333
3244	9,33333
3245	9,77778
3246	9,88889
3247	9,88889
3248	9,88889
3249	10,3333
3250	10,2222
3251	10,1111
3252	10,2222
3253	10
3254	10,2222
3255	10,1111
3256	10,2222
3257	10
3258	10
3259	10
3260	10,1111
3261	10,1111
3262	10,1111
3263	10,2222
3264	10,3333
3265	10,3333
3266	10,3333
3267	10,3333
3268	10,5556
3269	10,4444
3270	10,4444
3271	10,4444
3272	10,4444
3273	10,6667
3274	10,5556
3275	10,5556
3276	10,6667
3277	10,6667
3278	11
3279	11,1111
3280	11,2222
3281	11,3333
3282	11,4444
3283	11,2222
3284	11,2222
3285	11,2222
3286	11,3333
3287	11,2222
3288	11,2222
3289	11,4444
3290	11,5556
3291	11,5556
3292	11,4444
3293	11,4444
3294	11,5556
3295	11,7778
3296	11,7778
3297	11,8889
3298	11,8889
3299	11,8889
3300	12
3301	11,8889
3302	11,7778
3303	11,7778
3304	11,8889
3305	11,8889
3306	11,8889
3307	11,8889
3308	11,7778
3309	11,8889
3310	11,7778
3311	11,8889
3312	12,2222
3313	12,1111
3314	12,2222
3315	12,1111
3316	11,8889
3317	11,7778
3318	11,5556
3319	11,6667
3320	11,5556
3321	11,5556
3322	11,5556
3323	11,6667
3324	11,8889
3325	11,6667
3326	11,7778
3327	11,8889
3328	12
3329	12
3330	12,2222
3331	12,1111
3332	12
3333	12
3334	11,8889
3335	12,1111
3336	12,1111
3337	12,1111
3338	12,2222
3339	12,2222
3340	12,3333
3341	12,3333
3342	12,4444
3343	12,5556
3344	12,5556
3345	12,6667
3346	12,5556
3347	12,5556
3348	12,3333
3349	12,3333
3350	12,6667
3351	12,7778
3352	12,7778
3353	13,2222
3354	13,2222
3355	13,2222
3356	13,4444
3357	13,4444
3358	13,3333
3359	13,4444
3360	13,5556
3361	13,5556
3362	13,5556
3363	13,4444
3364	13,3333
3365	13,2222
3366	13,4444
3367	13,4444
3368	13,3333
3369	13,3333
3370	13,4444
3371	13,2222
3372	13,2222
3373	13,2222
3374	13
3375	13
3376	12,8889
3377	13,1111
3378	13,1111
3379	13
3380	13
3381	13,2222
3382	13,1111
3383	13
3384	13,2222
3385	13,4444
3386	13,2222
3387	13,2222
3388	13,2222
3389	13,4444
3390	13,2222
3391	13,3333
3392	13,6667
3393	13,6667
3394	13,8889
3395	13,8889
3396	13,6667
3397	13,7778
3398	13,5556
3399	13,5556
3400	13,4444
3401	13,4444
3402	13,4444
3403	13,3333
3404	13,5556
3405	13,4444
3406	13,4444
3407	13,3333
3408	13,4444
3409	13,2222
3410	13,1111
3411	13,1111
3412	13,2222
3413	13,3333
3414	13,1111
3415	13
3416	12,7778
3417	12,7778
3418	12,7778
3419	12,6667
3420	12,7778
3421	13
3422	12,8889
3423	12,7778
3424	12,7778
3425	12,6667
3426	12,5556
3427	12,5556
3428	12,6667
3429	12,2222
3430	12,1111
3431	12,1111
3432	12,1111
3433	12,1111
3434	12,1111
3435	11,8889
3436	11,7778
3437	11,7778
3438	11,8889
3439	12
3440	11,8889
3441	11,7778
3442	11,7778
3443	11,5556
3444	11,5556
3445	11,3333
3446	11,2222
3447	11,1111
3448	11,2222
3449	11,1111
3450	11,2222
3451	11,2222
3452	11,4444
3453	11,3333
3454	11,4444
3455	11,1111
3456	11,2222
3457	11,1111
3458	11
3459	11
3460	11
3461	11
3462	10,8889
3463	10,8889
3464	10,8889
3465	10,8889
3466	10,8889
3467	10,8889
3468	11,1111
3469	10,8889
3470	11
3471	10,8889
3472	10,7778
3473	11
3474	10,8889
3475	10,8889
3476	10,8889
3477	11
3478	11
3479	10,8889
3480	10,6667
3481	10,5556
3482	10,4444
3483	10,5556
3484	10,3333
3485	10,2222
3486	10,3333
3487	10,3333
3488	10,3333
3489	10,2222
3490	10,1111
3491	10,1111
3492	10,1111
3493	10,1111
3494	10,1111
3495	9,88889
3496	9,88889
3497	9,77778
3498	9,77778
3499	9,55556
3500	9,66667
3501	9,77778
3502	9,77778
3503	9,55556
3504	9,55556
3505	9,66667
3506	9,66667
3507	9,77778
3508	9,66667
3509	9,88889
3510	9,66667
3511	9,66667
3512	9,77778
3513	9,77778
3514	9,66667
3515	9,66667
3516	9,55556
3517	9,44444
3518	9,44444
3519	9,33333
3520	9,55556
3521	9,44444
3522	9,44444
3523	9,33333
3524	9,22222
3525	9,22222
3526	9,22222
3527	9,22222
3528	9,22222
3529	9,22222
3530	9,33333
3531	9,33333
3532	9,33333
3533	9,22222
3534	9,22222
3535	9,11111
3536	9,22222
3537	9,11111
3538	9,11111
3539	9
3540	8,88889
3541	8,88889
3542	8,77778
3543	8,66667
3544	8,55556
3545	8,55556
3546	8,44444
3547	8,55556
3548	8,55556
3549	8,66667
3550	8,66667
3551	8,88889
3552	8,88889
3553	8,88889
3554	9
3555	8,66667
3556	8,66667
3557	8,66667
3558	8,55556
3559	8,11111
3560	8
3561	8
3562	8
3563	7,88889
3564	7,88889
3565	8,11111
3566	8,11111
3567	8,22222
3568	8,11111
3569	8
3570	8
3571	7,88889
3572	7,88889
3573	7,77778
3574	7,77778
3575	7,77778
3576	7,77778
3577	7,66667
3578	7,88889
3579	7,88889
3580	8,11111
3581	8,22222
3582	8
3583	7,77778
3584	7,66667
3585	7,55556
3586	7,55556
3587	7,66667
3588	7,55556
3589	7,55556
3590	7,44444
3591	7,44444
3592	7,55556
3593	7,55556
3594	7,55556
3595	7,44444
3596	7,44444
3597	7,44444
3598	7,44444
3599	7,44444
3600	7,55556
3601	7,44444
3602	7,44444
3603	7,22222
3604	7,11111
3605	7,11111
3606	7,11111
3607	7,22222
3608	7,22222
3609	7,33333
3610	7,33333
3611	7,22222
3612	7,33333
3613	7,33333
3614	7,22222
3615	7,33333
3616	7,33333
3617	7,55556
3618	7,55556
3619	7,44444
3620	7,55556
3621	7,66667
3622	7,55556
3623	7,55556
3624	7,66667
3625	7,55556
3626	7,66667
3627	8,22222
3628	8,11111
3629	8,33333
3630	8,33333
3631	8,33333
3632	8,55556
3633	8,55556
3634	8,22222
3635	8,44444
3636	8,55556
3637	8,77778
3638	9
3639	9,22222
3640	9,66667
3641	9,88889
3642	10
3643	10,2222
3644	10,3333
3645	10,5556
3646	10,6667
3647	10,8889
3648	11
3649	11
3650	11,2222
3651	11,4444
3652	11,6667
3653	11,7778
3654	11,8889
3655	11,8889
3656	12
3657	12,1111
3658	12
3659	12,2222
3660	12,1111
3661	12,4444
3662	12,7778
3663	12,7778
3664	13
3665	13
3666	13,4444
3667	13,4444
3668	13,8889
3669	14
3670	14,2222
3671	14,3333
3672	14,5556
3673	14,7778
3674	15,1111
3675	15,2222
3676	15,5556
3677	15,7778
3678	15,7778
3679	15,7778
3680	15,6667
3681	15,8889
3682	16,2222
3683	16,5556
3684	16,3333
3685	16,6667
3686	16,7778
3687	16,7778
3688	16,7778
3689	17
3690	17,1111
3691	17,4444
3692	17,8889
3693	18,1111
3694	18,1111
3695	18,6667
3696	19
3697	19,4444
3698	19,6667
3699	20
3700	20
3701	20,1111
3702	19,8889
3703	20
3704	20,1111
3705	20
3706	20
3707	20,1111
3708	20,2222
3709	20,1111
3710	19,8889
3711	20
3712	19,8889
3713	19,8889
3714	20,1111
3715	20,1111
3716	19,7778
3717	19,7778
3718	19,6667
3719	19,7778
3720	19,6667
3721	19,6667
3722	19,6667
3723	19,5556
3724	19,4444
3725	19,2222
3726	19
3727	19
3728	19
3729	18,8889
3730	18,7778
3731	18,6667
3732	18,4444
3733	18,2222
3734	18,1111
3735	17,8889
3736	17,4444
3737	17,1111
3738	17
3739	16,8889
3740	17
3741	16,5556
3742	16,5556
3743	16,2222
3744	16,2222
3745	16,2222
3746	16,3333
3747	16,2222
3748	16
3749	15,8889
3750	15,6667
3751	15,5556
3752	15,6667
3753	15,4444
3754	15,3333
3755	15,2222
3756	15,1111
3757	15
3758	14,8889
3759	15
3760	15,1111
3761	14,7778
3762	14,4444
3763	14,3333
3764	14,2222
3765	14,1111
3766	14,2222
3767	13,8889
3768	13,6667
3769	13,5556
3770	13,4444
3771	13,5556
3772	13,5556
3773	13,6667
3774	13,4444
3775	13,2222
3776	13,2222
3777	13,2222
3778	13,2222
3779	13,3333
3780	13,2222
3781	13
3782	13
3783	13
3784	13
3785	13,1111
3786	13
3787	13
3788	12,8889
3789	12,8889
3790	12,7778
3791	12,4444
3792	12,1111
3793	12,2222
3794	12,2222
3795	12,4444
3796	12,3333
3797	12,3333
3798	12,3333
3799	12,4444
3800	12,6667
3801	12,6667
3802	12,3333
3803	12,2222
3804	12,2222
3805	12,1111
3806	12,2222
3807	12,1111
3808	11,8889
3809	11,8889
3810	11,6667
3811	11,5556
3812	11,3333
3813	11,1111
3814	11,2222
3815	11
3816	11
3817	11
3818	11
3819	10,8889
3820	10,7778
3821	10,5556
3822	10,4444
3823	10,3333
3824	10,4444
3825	10,6667
3826	10,5556
3827	10,8889
3828	10,7778
3829	10,8889
3830	11
3831	10,8889
3832	10,6667
3833	10,5556
3834	10,3333
3835	10,2222
3836	10,1111
3837	10,3333
3838	10,3333
3839	10,5556
3840	10,4444
3841	10,3333
3842	10,2222
3843	10,1111
3844	10,1111
3845	10,1111
3846	10
3847	9,77778
3848	9,66667
3849	9,66667
3850	9,66667
3851	9,44444
3852	9,55556
3853	9,55556
3854	9,66667
3855	9,66667
3856	9,66667
3857	9,66667
3858	9,66667
3859	9,55556
3860	9,77778
3861	10
3862	10
3863	10
3864	10
3865	9,88889
3866	9,88889
3867	9,88889
3868	9,88889
3869	10
3870	9,88889
3871	9,88889
3872	9,66667
3873	9,66667
3874	9,77778
3875	9,66667
3876	9,66667
3877	9,66667
3878	9,77778
3879	9,77778
3880	9,66667
3881	9,77778
3882	9,33333
3883	9,22222
3884	9,22222
3885	9
3886	9,11111
3887	9
3888	8,88889
3889	8,77778
3890	8,77778
3891	8,66667
3892	8,55556
3893	8,66667
3894	8,66667
3895	8,55556
3896	8,55556
3897	8,55556
3898	8,55556
3899	8,66667
3900	8,66667
3901	8,77778
3902	8,77778
3903	8,66667
3904	8,55556
3905	8,55556
3906	8,55556
3907	8,55556
3908	8,44444
3909	8,44444
3910	8,44444
3911	8,33333
3912	8,33333
3913	8,33333
3914	8,11111
3915	8,11111
3916	8
3917	7,88889
3918	7,88889
3919	8
3920	8
3921	8
3922	8
3923	7,66667
3924	7,44444
3925	7,44444
3926	7,44444
3927	7,44444
3928	7,33333
3929	7,33333
3930	7,11111
3931	7,11111
3932	6,88889
3933	6,77778
3934	6,66667
3935	6,77778
3936	6,77778
3937	6,66667
3938	6,55556
3939	6,55556
3940	6,55556
3941	6,44444
3942	6,11111
3943	6,11111
3944	6
3945	6,11111
3946	5,88889
3947	5,88889
3948	5,55556
3949	5,44444
3950	5,33333
3951	5,22222
3952	5,22222
3953	5,11111
3954	5,11111
3955	5,22222
3956	5,22222
3957	5,22222
3958	5
3959	5
3960	5
3961	5,11111
3962	4,77778
3963	4,66667
3964	4,55556
3965	4,55556
3966	4,55556
3967	4,66667
3968	4,66667
3969	4,66667
3970	4,77778
3971	4,88889
3972	4,88889
3973	4,77778
3974	4,66667
3975	4,77778
3976	4,66667
3977	4,66667
3978	4,55556
3979	4,55556
3980	4,55556
3981	4,44444
3982	4,44444
3983	4,44444
3984	4,44444
3985	4,55556
3986	4,44444
3987	4,44444
3988	4,44444
3989	4,33333
3990	4,44444
3991	4,44444
3992	4,44444
3993	4,44444
3994	4,44444
3995	4,44444
3996	4,33333
3997	4,33333
3998	4,22222
3999	4,22222
4000	4,22222
4001	4,22222
4002	4,22222
4003	4,11111
4004	4
4005	4
4006	4
4007	3,88889
4008	3,88889
4009	3,88889
4010	3,88889
4011	3,77778
4012	3,55556
4013	3,55556
4014	3,55556
4015	3,66667
4016	3,66667
4017	3,66667
4018	3,66667
4019	3,55556
4020	3,55556
4021	3,55556
4022	3,66667
4023	3,66667
4024	3,66667
4025	3,66667
4026	3,66667
4027	3,77778
4028	3,66667
4029	3,66667
4030	3,88889
4031	3,88889
4032	3,88889
4033	3,77778
4034	3,88889
4035	3,77778
4036	3,66667
4037	3,66667
4038	3,66667
4039	3,66667
4040	3,55556
4041	3,44444
4042	3,44444
4043	3,44444
4044	3,44444
4045	3,33333
4046	3,22222
4047	3,22222
4048	3,22222
4049	3,22222
4050	3,22222
4051	3,11111
4052	3
4053	3,11111
4054	3
4055	3,11111
4056	3,11111
4057	3,11111
4058	3,22222
4059	3,11111
4060	3,22222
4061	3,33333
4062	3,55556
4063	3,55556
4064	3,55556
4065	3,55556
4066	3,55556
4067	3,66667
4068	3,77778
4069	3,88889
4070	3,88889
4071	3,88889
4072	3,88889
4073	4,11111
4074	4,22222
4075	4,33333
4076	4,33333
4077	4,44444
4078	4,55556
4079	4,88889
4080	4,77778
4081	4,77778
4082	4,88889
4083	4,88889
4084	4,88889
4085	5
4086	5
4087	5,11111
4088	5,11111
4089	5,11111
4090	5,11111
4091	5,11111
4092	5,11111
4093	5,22222
4094	5,33333
4095	5,33333
4096	5,22222
4097	5,22222
4098	5,22222
4099	5,33333
4100	5,55556
4101	5,44444
4102	5,44444
4103	5,44444
4104	5,44444
4105	5,44444
4106	5,44444
4107	5,44444
4108	5,33333
4109	5,44444
4110	5,44444
4111	5,44444
4112	5,44444
4113	5,22222
4114	5,22222
4115	5,22222
4116	5,22222
4117	5,22222
4118	5,22222
4119	5,22222
4120	5,22222
4121	5,11111
4122	5,11111
4123	5,11111
4124	5,11111
4125	5
4126	4,77778
4127	4,66667
4128	4,66667
4129	4,77778
4130	4,77778
4131	4,77778
4132	4,77778
4133	4,88889
4134	4,88889
4135	4,77778
4136	4,77778
4137	4,88889
4138	4,88889
4139	4,88889
4140	4,88889
4141	5,11111
4142	5,11111
4143	5,11111
4144	5,11111
4145	4,88889
4146	4,77778
4147	4,88889
4148	4,88889
4149	4,88889
4150	4,88889
4151	4,88889
4152	4,88889
4153	4,88889
4154	4,88889
4155	4,77778
4156	4,66667
4157	4,66667
4158	4,33333
4159	4,22222
4160	4,22222
4161	4,22222
4162	4,11111
4163	4,11111
4164	4,11111
4165	4,11111
4166	4
4167	3,88889
4168	3,88889
4169	3,88889
4170	3,88889
4171	3,88889
4172	3,88889
4173	3,77778
4174	3,77778
4175	3,66667
4176	3,55556
4177	3,66667
4178	3,77778
4179	3,77778
4180	3,77778
4181	3,77778
4182	3,77778
4183	3,77778
4184	3,77778
4185	3,77778
4186	3,77778
4187	3,77778
4188	3,77778
4189	3,77778
4190	3,55556
4191	3,55556
4192	3,55556
4193	3,44444
4194	3,33333
4195	3,33333
4196	3,33333
4197	3,44444
4198	3,44444
4199	3,44444
4200	3,33333
4201	3
4202	2,88889
4203	2,88889
4204	2,77778
4205	2,66667
4206	2,55556
4207	2,44444
4208	2,44444
4209	2,33333
4210	2,44444
4211	2,33333
4212	2,33333
4213	2,33333
4214	2,33333
4215	2,33333
4216	2,22222
4217	2,33333
4218	2,33333
4219	2,33333
4220	2,55556
4221	2,55556
4222	2,55556
4223	2,55556
4224	2,55556
4225	2,55556
4226	2,66667
4227	2,66667
4228	2,66667
4229	2,66667
4230	2,55556
4231	2,44444
4232	2,44444
4233	2,44444
4234	2,33333
4235	2,33333
4236	2,33333
4237	2,33333
4238	2,44444
4239	2,44444
4240	2,44444
4241	2,44444
4242	2,44444
4243	2,55556
4244	2,44444
4245	2,55556
4246	2,55556
4247	2,55556
4248	2,55556
4249	2,66667
4250	2,77778
4251	3
4252	3,22222
4253	3,44444
4254	3,55556
4255	3,77778
4256	3,88889
4257	3,88889
4258	3,88889
4259	3,88889
4260	4
4261	4,11111
4262	4,11111
4263	4,33333
4264	4,22222
4265	4,55556
4266	4,55556
4267	4,55556
4268	4,55556
4269	4,55556
4270	4,55556
4271	4,55556
4272	4,66667
4273	4,77778
4274	4,77778
4275	4,77778
4276	5
4277	5,11111
4278	5,11111
4279	5
4280	5,22222
4281	5,22222
4282	5,44444
4283	5,44444
4284	5,33333
4285	5,55556
4286	5,55556
4287	5,66667
4288	5,88889
4289	5,88889
4290	6,11111
4291	6,22222
4292	6,11111
4293	6,11111
4294	6,22222
4295	6,22222
4296	6,22222
4297	6,44444
4298	6,55556
4299	6,55556
4300	6,66667
4301	6,77778
4302	6,77778
4303	7,11111
4304	7,11111
4305	7,33333
4306	7,44444
4307	7,44444
4308	7,66667
4309	7,66667
4310	7,66667
4311	7,66667
4312	7,66667
4313	7,66667
4314	7,77778
4315	7,88889
4316	8
4317	8
4318	8
4319	8
4320	8
4321	8,11111
4322	8
4323	8,11111
4324	8,11111
4325	8
4326	8
4327	8
4328	7,88889
4329	7,77778
4330	7,88889
4331	8
4332	8
4333	8,11111
4334	8,11111
4335	8,33333
4336	8,33333
4337	8,33333
4338	8,55556
4339	8,77778
4340	8,88889
4341	8,88889
4342	9
4343	9,11111
4344	9,11111
4345	9,22222
4346	9,33333
4347	9,33333
4348	9,22222
4349	9,44444
4350	9,55556
4351	9,55556
4352	9,77778
4353	9,77778
4354	9,77778
4355	9,77778
4356	9,77778
4357	9,77778
4358	10
4359	10
4360	10,1111
4361	10
4362	10
4363	10,1111
4364	10,1111
4365	10,1111
4366	10,1111
4367	10,1111
4368	10
4369	10
4370	9,88889
4371	9,77778
4372	9,66667
4373	9,88889
4374	9,66667
4375	9,66667
4376	9,55556
4377	9,55556
4378	9,66667
4379	9,44444
4380	9,55556
4381	9,55556
4382	9,55556
4383	9,55556
4384	9,55556
4385	9,66667
4386	9,66667
4387	10
4388	10
4389	9,88889
4390	9,88889
4391	9,88889
4392	9,88889
4393	10
4394	10,1111
4395	10
4396	9,88889
4397	9,66667
4398	9,66667
4399	9,44444
4400	9,11111
4401	8,88889
4402	8,77778
4403	9
4404	8,88889
4405	8,77778
4406	8,55556
4407	8,66667
4408	8,77778
4409	8,77778
4410	8,66667
4411	8,66667
4412	8,55556
4413	8,66667
4414	8,33333
4415	8,33333
4416	8,11111
4417	8,22222
4418	8,33333
4419	8,22222
4420	8
4421	8
4422	8
4423	8
4424	8
4425	7,77778
4426	7,66667
4427	7,55556
4428	7,44444
4429	7,66667
4430	7,55556
4431	7,66667
4432	7,66667
4433	7,55556
4434	7,55556
4435	7,33333
4436	7,33333
4437	7,44444
4438	7,66667
4439	7,44444
4440	7,44444
4441	7,66667
4442	7,77778
4443	7,77778
4444	7,66667
4445	7,66667
4446	7,77778
4447	7,77778
4448	7,88889
4449	7,88889
4450	8
4451	7,88889
4452	8
4453	8
4454	8,11111
4455	8,22222
4456	8
4457	8,33333
4458	8,44444
4459	8,55556
4460	8,77778
4461	8,77778
4462	8,77778
4463	8,66667
4464	8,55556
4465	8,77778
4466	8,77778
4467	8,88889
4468	9
4469	9,11111
4470	9
4471	9
4472	9
4473	9
4474	9,22222
4475	9,22222
4476	9,22222
4477	9,33333
4478	9,22222
4479	9,22222
4480	9,22222
4481	9,11111
4482	9,22222
4483	9,33333
4484	9,22222
4485	9,22222
4486	9,55556
4487	9,44444
4488	9,55556
4489	9,55556
4490	9,44444
4491	9,33333
4492	9,44444
4493	9,55556
4494	9,55556
4495	9,66667
4496	9,66667
4497	9,55556
4498	9,55556
4499	9,66667
4500	9,66667
4501	9,55556
4502	9,88889
4503	10
4504	10
4505	10,1111
4506	10,2222
4507	10,3333
4508	10,5556
4509	10,4444
4510	10,4444
4511	10,4444
4512	10,3333
4513	10,4444
4514	10,3333
4515	10,7778
4516	10,7778
4517	10,7778
4518	10,7778
4519	10,7778
4520	10,7778
4521	10,7778
4522	10,8889
4523	10,8889
4524	10,8889
4525	10,8889
4526	10,7778
4527	10,7778
4528	10,7778
4529	10,6667
4530	10,6667
4531	11
4532	11,3333
4533	11,2222
4534	11,2222
4535	11,1111
4536	11,2222
4537	11,2222
4538	11,3333
4539	11,3333
4540	11,3333
4541	11,5556
4542	11,8889
4543	11,6667
4544	11,2222
4545	11,2222
4546	11,3333
4547	11,3333
4548	11,3333
4549	11,2222
4550	11,1111
4551	11,1111
4552	11
4553	10,7778
4554	10,8889
4555	11,1111
4556	11,4444
4557	11,3333
4558	11,5556
4559	11,4444
4560	11,3333
4561	11,4444
4562	11,3333
4563	11,3333
4564	11,2222
4565	11,2222
4566	11,1111
4567	11,1111
4568	11,2222
4569	11,4444
4570	11,4444
4571	11,6667
4572	11,7778
4573	11,7778
4574	11,8889
4575	12
4576	12
4577	12
4578	12
4579	12,1111
4580	12
4581	12,2222
4582	12,2222
4583	12,4444
4584	12,7778
4585	12,6667
4586	12,8889
4587	12,8889
4588	12,7778
4589	12,8889
4590	12,7778
4591	12,7778
4592	12,5556
4593	12,7778
4594	13
4595	13,2222
4596	13,2222
4597	13,2222
4598	13,2222
4599	13,1111
4600	12,7778
4601	12,6667
4602	12,7778
4603	12,7778
4604	12,6667
4605	12,5556
4606	12,5556
4607	12,8889
4608	12,6667
4609	12,6667
4610	12,4444
4611	12,2222
4612	12,2222
4613	12,2222
4614	12,5556
4615	12,5556
4616	12,4444
4617	12,4444
4618	12,4444
4619	12,3333
4620	12,6667
4621	13,1111
4622	13,4444
4623	13,5556
4624	13,7778
4625	13,8889
4626	14
4627	13,8889
4628	13,8889
4629	13,8889
4630	13,8889
4631	13,8889
4632	13,7778
4633	14
4634	14
4635	13,7778
4636	14
4637	14
4638	13,6667
4639	13,6667
4640	13,6667
4641	13,4444
4642	13,5556
4643	14
4644	14
4645	14,1111
4646	14,1111
4647	14,1111
4648	14,1111
4649	14,2222
4650	14,1111
4651	14,2222
4652	14,2222
4653	14,5556
4654	14,4444
4655	14,5556
4656	14,6667
4657	14,7778
4658	14,6667
4659	14,5556
4660	14,4444
4661	14,5556
4662	14,7778
4663	14,2222
4664	14,2222
4665	14,2222
4666	13,8889
4667	13,7778
4668	13,7778
4669	13,6667
4670	13,6667
4671	13,5556
4672	13,7778
4673	14,1111
4674	14,2222
4675	14,4444
4676	14,6667
4677	14,8889
4678	15,2222
4679	15,3333
4680	15,5556
4681	15,7778
4682	15,6667
4683	15,6667
4684	16,2222
4685	16,3333
4686	16,4444
4687	16,5556
4688	16,7778
4689	17,3333
4690	17,4444
4691	17,2222
4692	17
4693	17,2222
4694	17,4444
4695	17,3333
4696	17,3333
4697	17,3333
4698	17,3333
4699	17,3333
4700	17,4444
4701	17,4444
4702	17,6667
4703	17,7778
4704	17,7778
4705	17,7778
4706	17,8889
4707	17,6667
4708	17,4444
4709	17,3333
4710	17,3333
4711	17,3333
4712	17,3333
4713	17,2222
4714	17,2222
4715	17,1111
4716	17,1111
4717	17,1111
4718	17
4719	16,8889
4720	16,6667
4721	16,7778
4722	16,7778
4723	16,7778
4724	17,1111
4725	16,8889
4726	17,2222
4727	17,1111
4728	17
4729	17,1111
4730	17,2222
4731	16,7778
4732	16,5556
4733	16,8889
4734	16,7778
4735	16,8889
4736	17
4737	16,8889
4738	16,6667
4739	16,4444
4740	16,3333
4741	16,2222
4742	16,2222
4743	16,1111
4744	16,1111
4745	16,1111
4746	16,2222
4747	16,2222
4748	16,1111
4749	16,2222
4750	16,1111
4751	16
4752	16,2222
4753	16,2222
4754	16,2222
4755	16
4756	16
4757	16,1111
4758	15,8889
4759	15,5556
4760	15,4444
4761	15,5556
4762	15,3333
4763	15,3333
4764	15
4765	14,7778
4766	14,3333
4767	14,3333
4768	14,2222
4769	14,1111
4770	13,7778
4771	13,2222
4772	13
4773	12,8889
4774	13
4775	12,7778
4776	12,6667
4777	12,4444
4778	12,4444
4779	12,4444
4780	12,4444
4781	12,1111
4782	12
4783	11,8889
4784	11,7778
4785	11,8889
4786	12
4787	11,6667
4788	11,6667
4789	11,6667
4790	11,4444
4791	11,4444
4792	11,4444
4793	11,8889
4794	11,7778
4795	11,7778
4796	11,6667
4797	11,4444
4798	11,3333
4799	11,3333
4800	11,2222
4801	11,2222
4802	11
4803	10,7778
4804	10,6667
4805	10,4444
4806	10,4444
4807	10,3333
4808	10,3333
4809	10,3333
4810	10,4444
4811	10,3333
4812	10,3333
4813	10,2222
4814	10,2222
4815	10,2222
4816	10,3333
4817	10,3333
4818	10,2222
4819	10,2222
4820	10,4444
4821	10,6667
4822	10,7778
4823	10,8889
4824	11
4825	10,8889
4826	11,1111
4827	11
4828	11
4829	11
4830	10,7778
4831	10,6667
4832	10,5556
4833	10,6667
4834	10,6667
4835	10,7778
4836	10,8889
4837	11,3333
4838	11,3333
4839	11,4444
4840	11,6667
4841	11,6667
4842	11,7778
4843	11,8889
4844	11,7778
4845	11,7778
4846	11,7778
4847	11,7778
4848	12,1111
4849	12,3333
4850	12,2222
4851	12,2222
4852	12,4444
4853	12,4444
4854	12,6667
4855	13
4856	13,2222
4857	13,2222
4858	13,2222
4859	13,4444
4860	13,5556
4861	13,7778
4862	14
4863	14,3333
4864	14,2222
4865	14,1111
4866	14,2222
4867	14,3333
4868	14,2222
4869	14,3333
4870	14,2222
4871	14,3333
4872	14,5556
4873	14,6667
4874	14,6667
4875	14,8889
4876	15,1111
4877	15,3333
4878	15,2222
4879	15,2222
4880	15,3333
4881	15,4444
4882	15,4444
4883	15,3333
4884	15,4444
4885	15,5556
4886	15,6667
4887	15,5556
4888	15,5556
4889	15,3333
4890	15,1111
4891	15,2222
4892	15,2222
4893	15,5556
4894	15,4444
4895	15,6667
4896	15,3333
4897	15,3333
4898	15,4444
4899	15,3333
4900	15,5556
4901	15,6667
4902	15,7778
4903	15,6667
4904	15,5556
4905	15,3333
4906	15,2222
4907	15,1111
4908	15,3333
4909	15,4444
4910	15,3333
4911	15,1111
4912	15,2222
4913	15,3333
4914	15,2222
4915	15,1111
4916	15,1111
4917	15,1111
4918	15,2222
4919	15,2222
4920	15,1111
4921	15,2222
4922	15,2222
4923	15,3333
4924	15,2222
4925	15
4926	15
4927	15
4928	15
4929	15,1111
4930	15,1111
4931	14,8889
4932	15,2222
4933	15,1111
4934	15
4935	14,7778
4936	14,3333
4937	14,5556
4938	14,6667
4939	14,7778
4940	14,8889
4941	14,8889
4942	14,7778
4943	14,7778
4944	14,2222
4945	14,2222
4946	14,2222
4947	14,2222
4948	14,1111
4949	14
4950	14,1111
4951	14,1111
4952	14,2222
4953	14,1111
4954	14,4444
4955	14,4444
4956	14,4444
4957	14,6667
4958	14,7778
4959	14,8889
4960	14,8889
4961	14,7778
4962	14,8889
4963	14,8889
4964	15,1111
4965	15,1111
4966	15,3333
4967	15,2222
4968	15,4444
4969	15,3333
4970	15,3333
4971	14,8889
4972	14,7778
4973	14,7778
4974	14,7778
4975	14,6667
4976	14,6667
4977	14,8889
4978	14,8889
4979	14,7778
4980	14,7778
4981	15
4982	15
4983	15,1111
4984	15,3333
4985	15,4444
4986	15,3333
4987	15,5556
4988	15,5556
4989	15,2222
4990	15,3333
4991	15,3333
4992	15,4444
4993	15,6667
4994	15,8889
4995	15,7778
4996	15,7778
4997	16
4998	15,8889
4999	16,1111
5000	16,1111
5001	16,2222
5002	16,4444
5003	16,5556
5004	16,5556
5005	16,4444
5006	16,2222
5007	16,2222
5008	16,2222
5009	16,4444
5010	16,2222
5011	16,1111
5012	15,7778
5013	15,5556
5014	15,5556
5015	15,6667
5016	15,7778
5017	15,5556
5018	15,4444
5019	15,5556
5020	15,4444
5021	15,3333
5022	15,3333
5023	15,6667
5024	15,8889
5025	15,8889
5026	15,5556
5027	15,5556
5028	15,3333
5029	15,4444
5030	15,6667
5031	15,6667
5032	15,5556
5033	15,6667
5034	15,7778
5035	15,8889
5036	15,8889
5037	15,8889
5038	16
5039	16,1111
5040	16,3333
5041	16,4444
5042	16,5556
5043	16,5556
5044	16,5556
5045	16,4444
5046	16,4444
5047	16,5556
5048	16,5556
5049	16,5556
5050	16,5556
5051	16,4444
5052	16,1111
5053	16,2222
5054	16,2222
5055	16,4444
5056	16,6667
5057	16,7778
5058	17
5059	17
5060	16,5556
5061	16,5556
5062	16,5556
5063	16,3333
5064	16,2222
5065	16,1111
5066	15,8889
5067	15,7778
5068	15,8889
5069	15,8889
5070	15,6667
5071	15,7778
5072	15,6667
5073	15,5556
5074	15,4444
5075	15,6667
5076	15,5556
5077	15,4444
5078	15,4444
5079	15,4444
5080	15,4444
5081	15,4444
5082	15,2222
5083	15,2222
5084	15
5085	14,8889
5086	14,7778
5087	14,8889
5088	14,4444
5089	14,4444
5090	14,2222
5091	14,2222
5092	14,1111
5093	14,1111
5094	14,2222
5095	13,5556
5096	13,5556
5097	13,4444
5098	13,6667
5099	13,5556
5100	13,5556
5101	13,1111
5102	13,2222
5103	13,1111
5104	12,8889
5105	12,7778
5106	12,7778
5107	12,4444
5108	12,5556
5109	12,2222
5110	12
5111	11,7778
5112	12,1111
5113	12,1111
5114	11,8889
5115	11,7778
5116	11,7778
5117	11,7778
5118	11,5556
5119	11,3333
5120	10,8889
5121	10,7778
5122	10,7778
5123	10,6667
5124	10,6667
5125	10,4444
5126	10,3333
5127	10,2222
5128	10,1111
5129	9,88889
5130	9,88889
5131	9,66667
5132	9,66667
5133	9,55556
5134	9,55556
5135	9,33333
5136	9,22222
5137	8,77778
5138	8,66667
5139	8,66667
5140	8,66667
5141	8,55556
5142	8,55556
5143	8,44444
5144	8,44444
5145	8,33333
5146	8,22222
5147	8,22222
5148	8,11111
5149	8
5150	7,44444
5151	7,44444
5152	7,33333
5153	7,22222
5154	7,11111
5155	7
5156	6,88889
5157	6,77778
5158	6,66667
5159	6,66667
5160	6,55556
5161	6,44444
5162	6,44444
5163	6,44444
5164	6,44444
5165	6,33333
5166	6,33333
5167	6,33333
5168	6,33333
5169	6,22222
5170	6
5171	5,88889
5172	5,66667
5173	5,66667
5174	5,88889
5175	6
5176	6
5177	6
5178	6,11111
5179	6,11111
5180	6,11111
5181	5,66667
5182	5,55556
5183	5,66667
5184	5,66667
5185	5,77778
5186	5,55556
5187	5,44444
5188	5,55556
5189	5,55556
5190	5,44444
5191	5,44444
5192	5,55556
5193	5,55556
5194	5,55556
5195	5,44444
5196	5,55556
5197	5,66667
5198	5,77778
5199	5,88889
5200	5,66667
5201	6
5202	6,11111
5203	3,11111
5204	3,22222
5205	7,66667
5206	8
5207	8
5208	8,11111
5209	8
5210	7,88889
5211	7,88889
5212	7,88889
5213	8
5214	8
5215	8
5216	8
5217	7,88889
5218	8,77778
5219	9
5220	9
5221	8,88889
5222	9
5223	9,11111
5224	9,11111
5225	9,22222
5226	9,11111
5227	9,11111
5228	9,11111
5229	9,11111
5230	9,22222
5231	9,11111
5232	9,44444
5233	9,44444
5234	9,55556
5235	9,44444
5236	9,55556
5237	9,55556
5238	9,55556
5239	9,55556
5240	9,55556
5241	9,77778
5242	10
5243	10
5244	10,3333
5245	10,4444
5246	10,4444
5247	10,4444
5248	10,4444
5249	10,5556
5250	11,1111
5251	11,2222
5252	11
5253	11,3333
5254	12
5255	12,1111
5256	12
5257	12
5258	12
5259	12
5260	12,3333
5261	12,5556
5262	12,6667
5263	12,6667
5264	12,3333
5265	12,3333
5266	12,4444
5267	12,6667
5268	12,6667
5269	12,7778
5270	12,8889
5271	13,1111
5272	12,8889
5273	13,1111
5274	13,1111
5275	13,1111
5276	13,1111
5277	13,2222
5278	13
5279	12,3333
5280	12,2222
5281	12,1111
5282	12
5283	12,1111
5284	12
5285	11,4444
5286	11,3333
5287	11,6667
5288	11,5556
5289	11,4444
5290	11,3333
5291	11,3333
5292	11,1111
5293	11,1111
5294	11
5295	10,8889
5296	10,8889
5297	10,8889
5298	10,8889
5299	10,8889
5300	10,8889
5301	10,2222
5302	10,2222
5303	10,2222
5304	10,2222
5305	10,1111
5306	10,1111
5307	9,77778
5308	9,77778
5309	9,77778
5310	9,77778
5311	9,77778
5312	9,66667
5313	9,55556
5314	9,55556
5315	9,66667
5316	9,66667
5317	9,66667
5318	9,77778
5319	9,77778
5320	9,55556
5321	9,33333
5322	9,33333
5323	9,22222
5324	9,22222
5325	9,22222
5326	9,22222
5327	9,11111
5328	9
5329	9,11111
5330	8,77778
5331	8,77778
5332	8,77778
5333	8,66667
5334	9
5335	9
5336	8,88889
5337	8,77778
5338	8,55556
5339	8,55556
5340	8,44444
5341	8,33333
5342	8,11111
5343	8,11111
5344	8
5345	7,55556
5346	7,22222
5347	7
5348	7
5349	7
5350	7
5351	6,88889
5352	6,88889
5353	6,88889
5354	6,55556
5355	6,44444
5356	6,11111
5357	5,88889
5358	5,88889
5359	5,88889
5360	5,88889
5361	5,77778
5362	5,44444
5363	5,44444
5364	5,33333
5365	5,33333
5366	5,33333
5367	5,33333
5368	5,22222
5369	5,22222
5370	5,11111
5371	3,88889
5372	3,88889
5373	4,77778
5374	4,77778
5375	4,55556
5376	4,44444
5377	4,44444
5378	4,44444
5379	4,11111
5380	4
5381	3,88889
5382	3,88889
5383	3,77778
5384	3,77778
5385	3,55556
5386	3,44444
5387	3,44444
5388	3,22222
5389	3,22222
5390	3
5391	3
5392	2,88889
5393	2,55556
5394	2,44444
5395	2,77778
5396	2,77778
5397	2,77778
5398	2,77778
5399	2,77778
5400	2,77778
5401	2,66667
5402	2,66667
5403	2,44444
5404	2,33333
5405	2
5406	1,77778
5407	1,77778
5408	2
5409	2,33333
5410	2,44444
5411	2,55556
5412	2,66667
5413	2,66667
5414	2,77778
5415	2,66667
5416	1,55556
5417	2,77778
5418	2,66667
5419	2,88889
5420	2,66667
5421	2,77778
5422	3,11111
5423	3,11111
5424	3,11111
5425	3,22222
5426	3,22222
5427	3,55556
5428	3,55556
5429	3,66667
5430	3,88889
5431	3,88889
5432	4
5433	4
5434	4,11111
5435	4,22222
5436	4,77778
5437	4,77778
5438	4,77778
5439	4,77778
5440	5
5441	5
5442	5,22222
5443	5,33333
5444	5,33333
5445	5,44444
5446	5,44444
5447	5,44444
5448	5,44444
5449	5,55556
5450	5,55556
5451	5,88889
5452	5,88889
5453	5,88889
5454	5,88889
5455	5,88889
5456	6
5457	6,33333
5458	6,44444
5459	6,88889
5460	6,88889
5461	6,88889
5462	7
5463	7
5464	7
5465	7
5466	7
5467	7,55556
5468	7,66667
5469	7,77778
5470	7,77778
5471	8
5472	8
5473	8
5474	8
5475	8,22222
5476	8,22222
5477	8,22222
5478	8,22222
5479	7,88889
5480	7,88889
5481	7,88889
5482	7,88889
5483	8,11111
5484	8
5485	8
5486	8
5487	8
5488	8
5489	8
5490	8
5491	8
5492	8,11111
5493	8,11111
5494	8,11111
5495	7,77778
5496	7,77778
5497	7,77778
5498	7,66667
5499	7,66667
5500	7,77778
5501	7,77778
5502	7,77778
5503	7,77778
5504	7,77778
5505	7,77778
5506	8,11111
5507	8,11111
5508	8,22222
5509	8,22222
5510	8,22222
5511	8,22222
5512	8,22222
5513	8,22222
5514	8,22222
5515	8,22222
5516	8,22222
5517	8,22222
5518	8,33333
5519	8,33333
5520	8,33333
5521	8,33333
5522	8,33333
5523	8,33333
5524	8,33333
5525	8,44444
5526	8
5527	8
5528	8,44444
5529	8,55556
5530	8,55556
5531	8,55556
5532	8,55556
5533	8,44444
5534	8,44444
5535	8,44444
5536	8,33333
5537	8,33333
5538	8,33333
5539	8,33333
5540	8,11111
5541	7,88889
5542	7,66667
5543	7,55556
5544	7,33333
5545	7,33333
5546	7
5547	6,88889
5548	6,77778
5549	6,77778
5550	6,77778
5551	6,66667
5552	6,44444
5553	5,77778
5554	5,66667
5555	5,66667
5556	5,55556
5557	5,55556
5558	5,44444
5559	4,77778
5560	4,55556
5561	4,55556
5562	4,33333
5563	3,77778
5564	3,66667
5565	3,66667
5566	3,66667
5567	3,66667
5568	3,44444
5569	2,88889
5570	2,88889
5571	2,66667
5572	2,44444
5573	2,44444
5574	2,44444
5575	2,44444
5576	2,44444
5577	2,33333
5578	2,33333
5579	2,22222
5580	2,11111
5581	1,77778
5582	1,77778
5583	1,66667
5584	1,66667
5585	1,66667
5586	1,55556
5587	1,55556
5588	0,333333
